{
    "rmse": 0.7146862928402882,
    "mae": 0.549745531519847,
    "r2": 0.25455172763354283
}